[
    {
        "model": "re_app.station",
        "pk": 13,
        "fields": {
            "name": "Сфера экологии",
            "telephone": "+7 (495) 223-16-15",
            "position_x": 0,
            "position_y": 0,
            "description": "http://se8.su",
            "address": "Москва, Нижняя Сыромятническая, 10",
            "schedule": {
                "Пн - Вс": "10:00:00 - 20:00:00"
            },
            "trash": {
                "Батарея": "",
                "Пластик": "",
                "Макулатура": "",
                "Стекло": "",
                "Металл": ""
            }
        }
    },
    {
        "model": "re_app.station",
        "pk": 14,
        "fields": {
            "name": "Салон МТС",
            "telephone": "",
            "position_x": 0,
            "position_y": 0,
            "description": "",
            "address": "Москва, Авиамоторная, 66",
            "schedule": {
                "Пн - Вс": "10:00:00 - 22:00:00"
            },
            "trash": {
                "Батарея": ""
            }
        }
    },
    {
        "model": "re_app.station",
        "pk": 15,
        "fields": {
            "name": "Салон МТС",
            "telephone": "",
            "position_x": 0,
            "position_y": 0,
            "description": "",
            "address": "Москва, проспект Андропова, 8",
            "schedule": {
                "Пн - Вс": "10:00:00 - 22:00:00"
            },
            "trash": {
                "Батарея": ""
            }
        }
    },
    {
        "model": "re_app.station",
        "pk": 16,
        "fields": {
            "name": "Школа №1989",
            "telephone": "+7-903-9671883",
            "position_x": 0,
            "position_y": 0,
            "description": "Контейнер находится на первом этаже главного здания образовательного центра №1989.",
            "address": "Москва, Белореченская, 45",
            "schedule": {
                "Пн - Пт": "09:00:00 - 18:00:00"
            },
            "trash": {
                "Батарея": ""
            }
        }
    },
    {
        "model": "re_app.station",
        "pk": 17,
        "fields": {
            "name": "Бюро переводов К вашим услугам",
            "telephone": "+7-495-2150248",
            "position_x": 0,
            "position_y": 0,
            "description": "Бизнес-центр \"Матриксофис\", офис 217",
            "address": "Москва, Шаболовка, 34, 3",
            "schedule": {
                "Пн - Пт": "11:00:00 - 17:00:00"
            },
            "trash": {
                "Батарея": ""
            }
        }
    },
    {
        "model": "re_app.station",
        "pk": 18,
        "fields": {
            "name": "Жилой дом",
            "telephone": "",
            "position_x": 0,
            "position_y": 0,
            "description": "Можно передать консьержу, подъезд 9",
            "address": "Москва, Никулинская, 23, 2",
            "schedule": {
                "Пн - Вс": "08:00:00 - 22:00:00"
            },
            "trash": {
                "Батарея": ""
            }
        }
    },
    {
        "model": "re_app.station",
        "pk": 19,
        "fields": {
            "name": "ТЦ \"Седьмой континент\"",
            "telephone": "",
            "position_x": 0,
            "position_y": 0,
            "description": "",
            "address": "Москва, Ленинградское шоссе, 112, 1",
            "schedule": {
                "Пн - Вс": "00:00:00 - 23:00:00"
            },
            "trash": {
                "Батарея": ""
            }
        }
    },
    {
        "model": "re_app.station",
        "pk": 20,
        "fields": {
            "name": "Эльдорадо",
            "telephone": "",
            "position_x": 0,
            "position_y": 0,
            "description": "",
            "address": "Москва, Бульвар Дмитрия Донского, 2",
            "schedule": {
                "Пн - Вс": "09:00:00 - 22:00:00"
            },
            "trash": {
                "Батарея": ""
            }
        }
    },
    {
        "model": "re_app.station",
        "pk": 21,
        "fields": {
            "name": "Pleer.ru",
            "telephone": "8 (495) 775-04-75",
            "position_x": 0,
            "position_y": 0,
            "description": "",
            "address": "Москва, Мастеркова, 4",
            "schedule": {
                "Пн - Вс": "09:00:00 - 21:00:00"
            },
            "trash": {
                "Батарея": ""
            }
        }
    },
    {
        "model": "re_app.station",
        "pk": 22,
        "fields": {
            "name": "ТЦ \"Черемушки\"",
            "telephone": "",
            "position_x": 0,
            "position_y": 0,
            "description": "В магазине \"Эльдорадо\"",
            "address": "Москва, Профсоюзная, 56",
            "schedule": {
                "Пн - Вс": "10:00:00 - 22:00:00"
            },
            "trash": {
                "Батарея": ""
            }
        }
    },
    {
        "model": "re_app.station",
        "pk": 23,
        "fields": {
            "name": "ТЦ \"Подсолнух\"",
            "telephone": "",
            "position_x": 0,
            "position_y": 0,
            "description": "В магазине \"Эльдорадо\"",
            "address": "Москва, Открытое шоссе, 9, 1",
            "schedule": {
                "Пн - Вс": "10:00:00 - 22:00:00"
            },
            "trash": {
                "Батарея": ""
            }
        }
    },
    {
        "model": "re_app.station",
        "pk": 24,
        "fields": {
            "name": "ТК \"Л-153\"",
            "telephone": "",
            "position_x": 0,
            "position_y": 0,
            "description": "В магазине \"Эльдорадо\"",
            "address": "Москва, Люблинская, 153",
            "schedule": {
                "Пн - Вс": "10:00:00 - 22:00:00"
            },
            "trash": {
                "Батарея": ""
            }
        }
    },
    {
        "model": "re_app.station",
        "pk": 25,
        "fields": {
            "name": "Магазин \"Молоток\"",
            "telephone": "+79654103970",
            "position_x": 0,
            "position_y": 0,
            "description": "http://hoz-molotok.ru/",
            "address": "Москва, Летчика Бабушкина, 5",
            "schedule": {
                "Пн - Вс": "10:00:00 - 21:00:00"
            },
            "trash": {
                "Батарея": ""
            }
        }
    },
    {
        "model": "re_app.station",
        "pk": 26,
        "fields": {
            "name": "ТРЦ \"Праздник\"",
            "telephone": "",
            "position_x": 0,
            "position_y": 0,
            "description": "В магазине \"Эльдорадо\"",
            "address": "Москва, Тушинская, 17",
            "schedule": {
                "Пн - Вс": "10:00:00 - 22:00:00"
            },
            "trash": {
                "Батарея": ""
            }
        }
    },
    {
        "model": "re_app.station",
        "pk": 27,
        "fields": {
            "name": "Дикси",
            "telephone": "",
            "position_x": 0,
            "position_y": 0,
            "description": "",
            "address": "Москва, Красностуденческий проезд, 2",
            "schedule": {
                "Пн - Вс": "09:00:00 - 18:00:00"
            },
            "trash": {
                "Металл": "",
                "Стекло": ""
            }
        }
    },
    {
        "model": "re_app.station",
        "pk": 28,
        "fields": {
            "name": "Дикси",
            "telephone": "",
            "position_x": 0,
            "position_y": 0,
            "description": "",
            "address": "Москва, Дмитровское шоссе, 37, 1",
            "schedule": {
                "Пн - Вс": "09:00:00 - 18:00:00"
            },
            "trash": {
                "Пластик": "",
                "Стекло": ""
            }
        }
    },
    {
        "model": "re_app.station",
        "pk": 29,
        "fields": {
            "name": "Контейнер ООО \"Хартия\"",
            "telephone": "",
            "position_x": 0,
            "position_y": 0,
            "description": "",
            "address": "Москва, Академика Комарова, 5",
            "schedule": {
                "Пн - Вс": "09:00:00 - 18:00:00"
            },
            "trash": {
                "Пластик": ""
            }
        }
    },
    {
        "model": "re_app.station",
        "pk": 30,
        "fields": {
            "name": "Контейнер ООО \"Хартия\"",
            "telephone": "",
            "position_x": 0,
            "position_y": 0,
            "description": "",
            "address": "Москва, Бажова, 13, 2",
            "schedule": {
                "Пн - Вс": "09:00:00 - 18:00:00"
            },
            "trash": {
                "Пластик": ""
            }
        }
    },
    {
        "model": "re_app.station",
        "pk": 31,
        "fields": {
            "name": "Контейнер ООО \"Хартия\"",
            "telephone": "",
            "position_x": 0,
            "position_y": 0,
            "description": "",
            "address": "Москва, Будайский проезд, 2",
            "schedule": {
                "Пн - Вс": "09:00:00 - 18:00:00"
            },
            "trash": {
                "Пластик": ""
            }
        }
    },
    {
        "model": "re_app.station",
        "pk": 32,
        "fields": {
            "name": "Контейнер ООО \"Хартия\"",
            "telephone": "",
            "position_x": 0,
            "position_y": 0,
            "description": "",
            "address": "Москва, Будайский проезд, 6, 1",
            "schedule": {
                "Пн - Вс": "09:00:00 - 18:00:00"
            },
            "trash": {
                "Пластик": ""
            }
        }
    },
    {
        "model": "re_app.station",
        "pk": 33,
        "fields": {
            "name": "Контейнер ООО \"Хартия\"",
            "telephone": "",
            "position_x": 0,
            "position_y": 0,
            "description": "",
            "address": "Москва, проспект Мира, 196",
            "schedule": {
                "Пн - Вс": "09:00:00 - 18:00:00"
            },
            "trash": {
                "Пластик": "",
                "Стекло": ""
            }
        }
    },
    {
        "model": "re_app.station",
        "pk": 34,
        "fields": {
            "name": "Контейнер ООО \"Хартия\"",
            "telephone": "",
            "position_x": 0,
            "position_y": 0,
            "description": "",
            "address": "Москва, проспект Мира, 192",
            "schedule": {
                "Пн - Вс": "09:00:00 - 18:00:00"
            },
            "trash": {
                "Пластик": ""
            }
        }
    },
    {
        "model": "re_app.station",
        "pk": 35,
        "fields": {
            "name": "Контейнер ООО \"Хартия\"",
            "telephone": "",
            "position_x": 0,
            "position_y": 0,
            "description": "",
            "address": "Москва, проспект Мира, 165",
            "schedule": {
                "Пн - Вс": "09:00:00 - 18:00:00"
            },
            "trash": {
                "Пластик": ""
            }
        }
    },
    {
        "model": "re_app.station",
        "pk": 36,
        "fields": {
            "name": "Контейнер ООО \"Хартия\"",
            "telephone": "",
            "position_x": 0,
            "position_y": 0,
            "description": "",
            "address": "Москва, Шумкина, 17",
            "schedule": {
                "Пн - Вс": "09:00:00 - 18:00:00"
            },
            "trash": {
                "Пластик": ""
            }
        }
    },
    {
        "model": "re_app.station",
        "pk": 37,
        "fields": {
            "name": "ООО \"Эко-Лайн\"",
            "telephone": "",
            "position_x": 0,
            "position_y": 0,
            "description": "",
            "address": "Москва, Малая Грузинская, 3",
            "schedule": {
                "Пн - Вс": "09:00:00 - 18:00:00"
            },
            "trash": {
                "Металл": "",
                "Пластик": "",
                "Макулатура": ""
            }
        }
    },
    {
        "model": "re_app.station",
        "pk": 38,
        "fields": {
            "name": "ООО \"Эко-Лайн\"",
            "telephone": "",
            "position_x": 0,
            "position_y": 0,
            "description": "",
            "address": "Москва, Столярный переулок, 5",
            "schedule": {
                "Пн - Вс": "09:00:00 - 18:00:00"
            },
            "trash": {
                "Макулатура": "",
                "Металл": "",
                "Пластик": ""
            }
        }
    },
    {
        "model": "re_app.station",
        "pk": 39,
        "fields": {
            "name": "ООО \"Эко-Лайн\"",
            "telephone": "",
            "position_x": 0,
            "position_y": 0,
            "description": "",
            "address": "Москва, Чапаевский переулок, 5",
            "schedule": {
                "Пн - Вс": "09:00:00 - 18:00:00"
            },
            "trash": {
                "Металл": "",
                "Пластик": "",
                "Макулатура": "",
                "Стекло": ""
            }
        }
    },
    {
        "model": "re_app.station",
        "pk": 40,
        "fields": {
            "name": "ООО \"Эко-Лайн\"",
            "telephone": "",
            "position_x": 0,
            "position_y": 0,
            "description": "",
            "address": "Москва, Викторенко, 3",
            "schedule": {
                "Пн - Вс": "09:00:00 - 18:00:00"
            },
            "trash": {
                "Пластик": "",
                "Стекло": "",
                "Металл": "",
                "Макулатура": ""
            }
        }
    },
    {
        "model": "re_app.station",
        "pk": 41,
        "fields": {
            "name": "ООО \"Спецтранс\"",
            "telephone": "",
            "position_x": 0,
            "position_y": 0,
            "description": "",
            "address": "Москва, Штурвальная, 3",
            "schedule": {
                "Пн - Вс": "09:00:00 - 18:00:00"
            },
            "trash": {
                "Металл": "",
                "Стекло": "",
                "Пластик": "",
                "Макулатура": ""
            }
        }
    },
    {
        "model": "re_app.station",
        "pk": 42,
        "fields": {
            "name": "ООО \"Спецтранс\"",
            "telephone": "",
            "position_x": 0,
            "position_y": 0,
            "description": "",
            "address": "Москва, Сходненская, 52",
            "schedule": {
                "Пн - Вс": "09:00:00 - 18:00:00"
            },
            "trash": {
                "Металл": "",
                "Стекло": "",
                "Пластик": "",
                "Макулатура": ""
            }
        }
    },
    {
        "model": "re_app.station",
        "pk": 43,
        "fields": {
            "name": "ООО \"Эко-Лайн\"",
            "telephone": "",
            "position_x": 0,
            "position_y": 0,
            "description": "",
            "address": "Москва, Дмитровское шоссе, 3, 2",
            "schedule": {
                "Пн - Вс": "09:00:00 - 18:00:00"
            },
            "trash": {
                "Пластик": "",
                "Макулатура": "",
                "Стекло": "",
                "Металл": ""
            }
        }
    },
    {
        "model": "re_app.station",
        "pk": 44,
        "fields": {
            "name": "ООО \"Эко-Лайн\"",
            "telephone": "",
            "position_x": 0,
            "position_y": 0,
            "description": "",
            "address": "Москва, Тимирязевская, 6",
            "schedule": {
                "Пн - Вс": "09:00:00 - 18:00:00"
            },
            "trash": {
                "Макулатура": "",
                "Стекло": "",
                "Пластик": "",
                "Металл": ""
            }
        }
    },
    {
        "model": "re_app.station",
        "pk": 45,
        "fields": {
            "name": "ООО \"Эко-Лайн\"",
            "telephone": "",
            "position_x": 0,
            "position_y": 0,
            "description": "",
            "address": "Москва, Костякова, 9",
            "schedule": {
                "Пн - Вс": "09:00:00 - 18:00:00"
            },
            "trash": {
                "Пластик": "",
                "Стекло": "",
                "Металл": "",
                "Макулатура": ""
            }
        }
    },
    {
        "model": "re_app.station",
        "pk": 46,
        "fields": {
            "name": "ООО \"Эко-Лайн\"",
            "telephone": "",
            "position_x": 0,
            "position_y": 0,
            "description": "",
            "address": "Москва, Астрадамская, 1, 3",
            "schedule": {
                "Пн - Вс": "09:00:00 - 18:00:00"
            },
            "trash": {
                "Пластик": "",
                "Стекло": "",
                "Металл": "",
                "Макулатура": ""
            }
        }
    },
    {
        "model": "re_app.station",
        "pk": 47,
        "fields": {
            "name": "ООО \"Эко-Лайн\"",
            "telephone": "",
            "position_x": 0,
            "position_y": 0,
            "description": "",
            "address": "Москва, Астрадамская, 1, 2",
            "schedule": {
                "Пн - Вс": "09:00:00 - 18:00:00"
            },
            "trash": {
                "Металл": "",
                "Стекло": "",
                "Пластик": "",
                "Макулатура": "",
                "Батарея": ""
            }
        }
    },
    {
        "model": "re_app.station",
        "pk": 48,
        "fields": {
            "name": "ООО \"МСК-НТ\"",
            "telephone": "",
            "position_x": 0,
            "position_y": 0,
            "description": "",
            "address": "Москва, Верхние поля, 1",
            "schedule": {
                "Пн - Вс": "09:00:00 - 18:00:00"
            },
            "trash": {
                "Стекло": "",
                "Металл": "",
                "Пластик": "",
                "Макулатура": ""
            }
        }
    },
    {
        "model": "re_app.station",
        "pk": 49,
        "fields": {
            "name": "ООО \"МСК-НТ\"",
            "telephone": "",
            "position_x": 0,
            "position_y": 0,
            "description": "",
            "address": "Москва, Белореченская, 25, 1",
            "schedule": {
                "Пн - Вс": "09:00:00 - 18:00:00"
            },
            "trash": {
                "Металл": "",
                "Пластик": "",
                "Стекло": "",
                "Макулатура": ""
            }
        }
    },
    {
        "model": "re_app.station",
        "pk": 50,
        "fields": {
            "name": "ООО \"МСК-НТ\"",
            "telephone": "",
            "position_x": 0,
            "position_y": 0,
            "description": "",
            "address": "Москва, Марьинский парк, 45",
            "schedule": {
                "Пн - Вс": "09:00:00 - 18:00:00"
            },
            "trash": {
                "Макулатура": "",
                "Стекло": "",
                "Металл": "",
                "Пластик": ""
            }
        }
    },
    {
        "model": "re_app.station",
        "pk": 51,
        "fields": {
            "name": "ООО \"МСК-НТ\"",
            "telephone": "",
            "position_x": 0,
            "position_y": 0,
            "description": "",
            "address": "Москва, Степана Шутова, 8",
            "schedule": {
                "Пн - Вс": "09:00:00 - 18:00:00"
            },
            "trash": {
                "Металл": "",
                "Пластик": "",
                "Стекло": "",
                "Макулатура": ""
            }
        }
    },
    {
        "model": "re_app.station",
        "pk": 52,
        "fields": {
            "name": "ООО \"МСК-НТ\"",
            "telephone": "",
            "position_x": 0,
            "position_y": 0,
            "description": "",
            "address": "Москва, Тихорецкий бульвар, 14, 1",
            "schedule": {
                "Пн - Вс": "09:00:00 - 18:00:00"
            },
            "trash": {
                "Металл": "",
                "Стекло": "",
                "Пластик": "",
                "Макулатура": ""
            }
        }
    },
    {
        "model": "re_app.station",
        "pk": 53,
        "fields": {
            "name": "ООО \"МСК-НТ\"",
            "telephone": "",
            "position_x": 0,
            "position_y": 0,
            "description": "",
            "address": "Москва, Полбина, 46",
            "schedule": {
                "Пн - Вс": "09:00:00 - 18:00:00"
            },
            "trash": {
                "Металл": "",
                "Стекло": "",
                "Пластик": "",
                "Макулатура": ""
            }
        }
    },
    {
        "model": "re_app.station",
        "pk": 54,
        "fields": {
            "name": "ООО \"МСК-НТ\"",
            "telephone": "",
            "position_x": 0,
            "position_y": 0,
            "description": "",
            "address": "Москва, Полбина, 32",
            "schedule": {
                "Пн - Вс": "09:00:00 - 18:00:00"
            },
            "trash": {
                "Металл": "",
                "Стекло": "",
                "Пластик": "",
                "Макулатура": ""
            }
        }
    },
    {
        "model": "re_app.station",
        "pk": 55,
        "fields": {
            "name": "ООО \"МСК-НТ\"",
            "telephone": "",
            "position_x": 0,
            "position_y": 0,
            "description": "",
            "address": "Москва, Перерва, 10",
            "schedule": {
                "Пн - Вс": "09:00:00 - 18:00:00"
            },
            "trash": {
                "Металл": "",
                "Стекло": "",
                "Пластик": "",
                "Макулатура": ""
            }
        }
    },
    {
        "model": "re_app.station",
        "pk": 56,
        "fields": {
            "name": "ООО \"МСК-НТ\"",
            "telephone": "",
            "position_x": 0,
            "position_y": 0,
            "description": "",
            "address": "Москва, Донецкая, 29",
            "schedule": {
                "Пн - Вс": "09:00:00 - 18:00:00"
            },
            "trash": {
                "Металл": "",
                "Стекло": "",
                "Пластик": "",
                "Макулатура": ""
            }
        }
    },
    {
        "model": "re_app.station",
        "pk": 57,
        "fields": {
            "name": "ООО \"МСК-НТ\"",
            "telephone": "",
            "position_x": 0,
            "position_y": 0,
            "description": "",
            "address": "Москва, Новочеркасский бульвар, 26",
            "schedule": {
                "Пн - Вс": "09:00:00 - 18:00:00"
            },
            "trash": {
                "Стекло": "",
                "Металл": "",
                "Пластик": "",
                "Макулатура": ""
            }
        }
    },
    {
        "model": "re_app.station",
        "pk": 58,
        "fields": {
            "name": "ООО \"МСК-НТ\"",
            "telephone": "",
            "position_x": 0,
            "position_y": 0,
            "description": "",
            "address": "Москва, Новочеркасский бульвар, 36",
            "schedule": {
                "Пн - Вс": "09:00:00 - 18:00:00"
            },
            "trash": {
                "Металл": "",
                "Стекло": "",
                "Пластик": "",
                "Макулатура": ""
            }
        }
    },
    {
        "model": "re_app.station",
        "pk": 59,
        "fields": {
            "name": "ООО \"МСК-НТ\"",
            "telephone": "",
            "position_x": 0,
            "position_y": 0,
            "description": "",
            "address": "Москва, Новочеркасский бульвар, 29",
            "schedule": {
                "Пн - Вс": "09:00:00 - 18:00:00"
            },
            "trash": {
                "Металл": "",
                "Стекло": "",
                "Пластик": "",
                "Макулатура": ""
            }
        }
    },
    {
        "model": "re_app.station",
        "pk": 60,
        "fields": {
            "name": "ООО \"МСК-НТ\"",
            "telephone": "",
            "position_x": 0,
            "position_y": 0,
            "description": "",
            "address": "Москва, Академика Скрябина, 16, 2",
            "schedule": {
                "Пн - Вс": "09:00:00 - 18:00:00"
            },
            "trash": {
                "Металл": "",
                "Стекло": "",
                "Пластик": "",
                "Макулатура": ""
            }
        }
    },
    {
        "model": "re_app.station",
        "pk": 61,
        "fields": {
            "name": "ООО \"МСК-НТ\"",
            "telephone": "",
            "position_x": 0,
            "position_y": 0,
            "description": "",
            "address": "Москва, Орехово-Зуевский проезд, 14",
            "schedule": {
                "Пн - Вс": "09:00:00 - 18:00:00"
            },
            "trash": {
                "Металл": "",
                "Стекло": "",
                "Пластик": "",
                "Макулатура": ""
            }
        }
    },
    {
        "model": "re_app.station",
        "pk": 62,
        "fields": {
            "name": "ООО \"МСК-НТ\"",
            "telephone": "",
            "position_x": 0,
            "position_y": 0,
            "description": "",
            "address": "Москва, Рязанский проспект, 25",
            "schedule": {
                "Пн - Вс": "09:00:00 - 18:00:00"
            },
            "trash": {
                "Металл": "",
                "Стекло": "",
                "Пластик": "",
                "Макулатура": ""
            }
        }
    },
    {
        "model": "re_app.station",
        "pk": 63,
        "fields": {
            "name": "ООО \"МСК-НТ\"",
            "telephone": "",
            "position_x": 0,
            "position_y": 0,
            "description": "",
            "address": "Москва, Рязанский проспект, 45, 1",
            "schedule": {
                "Пн - Вс": "09:00:00 - 18:00:00"
            },
            "trash": {
                "Металл": "",
                "Стекло": "",
                "Пластик": "",
                "Макулатура": ""
            }
        }
    },
    {
        "model": "re_app.station",
        "pk": 64,
        "fields": {
            "name": "МоскваВторм",
            "telephone": "",
            "position_x": 0,
            "position_y": 0,
            "description": "mvtorma.ru",
            "address": "Москва, Булатниковская, 18",
            "schedule": {
                "Пн - Вс": "08:10:54 - 08:10:55"
            },
            "trash": {
                "Макулатура": ""
            }
        }
    },
    {
        "model": "re_app.station",
        "pk": 65,
        "fields": {
            "name": "Приём Вторсырья",
            "telephone": "",
            "position_x": 0,
            "position_y": 0,
            "description": "priem-makulaturi.com",
            "address": "Москва, Каширский проезд, 25, 13",
            "schedule": {
                "Пн - Вс": "09:00:00 - 20:00:00"
            },
            "trash": {
                "Макулатура": "",
                "Пластик": ""
            }
        }
    },
    {
        "model": "re_app.station",
        "pk": 66,
        "fields": {
            "name": "Прием Макулатуры",
            "telephone": "",
            "position_x": 0,
            "position_y": 0,
            "description": "",
            "address": "Москва, 2-ой Нагатинский проезд, 6",
            "schedule": {
                "Пн - Вс": "10:00:00 - 20:00:00"
            },
            "trash": {
                "Макулатура": ""
            }
        }
    },
    {
        "model": "re_app.station",
        "pk": 67,
        "fields": {
            "name": "Re-paper",
            "telephone": "",
            "position_x": 0,
            "position_y": 0,
            "description": "re-paper.ru",
            "address": "Москва, Кавказский бульвар, 52",
            "schedule": {
                "Пн - Вс": "07:00:00 - 22:00:00"
            },
            "trash": {
                "Макулатура": ""
            }
        }
    },
    {
        "model": "re_app.station",
        "pk": 68,
        "fields": {
            "name": "ООО «ПРК»",
            "telephone": "",
            "position_x": 0,
            "position_y": 0,
            "description": "prk-inc.ru",
            "address": "Москва, Вернадского проспект, 84",
            "schedule": {
                "Пн - Пт": "10:00:00 - 18:00:00"
            },
            "trash": {
                "Макулатура": "",
                "Пластик": ""
            }
        }
    },
    {
        "model": "re_app.station",
        "pk": 69,
        "fields": {
            "name": "Экопресс",
            "telephone": "",
            "position_x": 0,
            "position_y": 0,
            "description": "http://ecopress.pro",
            "address": "Москва, Очаковское шоссе, 5, 38",
            "schedule": {
                "Пн - Вс": "09:00:00 - 18:00:00"
            },
            "trash": {
                "Макулатура": "",
                "Пластик": ""
            }
        }
    },
    {
        "model": "re_app.station",
        "pk": 70,
        "fields": {
            "name": "РуСмак",
            "telephone": "",
            "position_x": 0,
            "position_y": 0,
            "description": "http://rus-mak.ru/",
            "address": "Москва, Рябиновая, 34",
            "schedule": {
                "Пн - Сб": "08:00:00 - 20:00:00"
            },
            "trash": {
                "Макулатура": ""
            }
        }
    },
    {
        "model": "re_app.station",
        "pk": 71,
        "fields": {
            "name": "Промо-Карта",
            "telephone": "",
            "position_x": 0,
            "position_y": 0,
            "description": "promo-kart.ru",
            "address": "Москва, Верейская, 5",
            "schedule": {
                "Пн - Сб": "08:00:00 - 20:00:00"
            },
            "trash": {
                "Макулатура": "",
                "Пластик": ""
            }
        }
    },
    {
        "model": "re_app.station",
        "pk": 72,
        "fields": {
            "name": "ООО ПЗПВС «ПРЕСНЯ»",
            "telephone": "",
            "position_x": 0,
            "position_y": 0,
            "description": "pzp-presnya.ru",
            "address": "Москва, Верейская, 10, 1",
            "schedule": {
                "Пн - Вс": "08:00:00 - 20:00:00"
            },
            "trash": {
                "Макулатура": ""
            }
        }
    },
    {
        "model": "re_app.station",
        "pk": 73,
        "fields": {
            "name": "Главвтор",
            "telephone": "",
            "position_x": 0,
            "position_y": 0,
            "description": "glavvtor.ru",
            "address": "Москва, Очаковское шоссе, 5",
            "schedule": {
                "Пн - Вс": "09:00:00 - 18:00:00"
            },
            "trash": {
                "Макулатура": "",
                "Пластик": ""
            }
        }
    },
    {
        "model": "re_app.station",
        "pk": 74,
        "fields": {
            "name": "Люкс-Эко Сервис",
            "telephone": "",
            "position_x": 0,
            "position_y": 0,
            "description": "luxeko.ru",
            "address": "Москва, Волхонка, 7",
            "schedule": {
                "Пн - Пт": "09:00:00 - 19:00:00"
            },
            "trash": {
                "Стекло": "",
                "Макулатура": "",
                "Пластик": ""
            }
        }
    },
    {
        "model": "re_app.station",
        "pk": 75,
        "fields": {
            "name": "ООО \"Звезда\"",
            "telephone": "",
            "position_x": 0,
            "position_y": 0,
            "description": "p-z-p.ru",
            "address": "Москва, Горбунова, 2",
            "schedule": {
                "Пн - Вс": "09:00:00 - 18:00:00"
            },
            "trash": {
                "Пластик": "",
                "Макулатура": ""
            }
        }
    },
    {
        "model": "re_app.station",
        "pk": 76,
        "fields": {
            "name": "Бумотходы",
            "telephone": "",
            "position_x": 0,
            "position_y": 0,
            "description": "бумотходы.рф",
            "address": "Москва, Талалихина, 41, 33",
            "schedule": {
                "Пн - Пт": "09:00:00 - 18:00:00"
            },
            "trash": {
                "Макулатура": "",
                "Пластик": ""
            }
        }
    },
    {
        "model": "re_app.station",
        "pk": 77,
        "fields": {
            "name": "ЗАО ПЗП \"Первомайское\"",
            "telephone": "",
            "position_x": 0,
            "position_y": 0,
            "description": "1makulatura.ru",
            "address": "Москва, Южнопротовая, 19",
            "schedule": {
                "Пн - Вс": "08:00:00 - 17:00:00"
            },
            "trash": {
                "Макулатура": ""
            }
        }
    },
    {
        "model": "re_app.station",
        "pk": 78,
        "fields": {
            "name": "ГлавСнаб",
            "telephone": "",
            "position_x": 0,
            "position_y": 0,
            "description": "glavsnab.msk.ru",
            "address": "Москва, Южнопротовая, 27, 7",
            "schedule": {
                "Пн - Вс": "09:00:00 - 18:00:00"
            },
            "trash": {
                "Макулатура": ""
            }
        }
    },
    {
        "model": "re_app.station",
        "pk": 79,
        "fields": {
            "name": "Славпапер",
            "telephone": "",
            "position_x": 0,
            "position_y": 0,
            "description": "slavpaper.ru",
            "address": "Москва, Люблинская, 72, 10",
            "schedule": {
                "Пн - Вс": "10:00:00 - 20:00:00"
            },
            "trash": {
                "Макулатура": ""
            }
        }
    },
    {
        "model": "re_app.station",
        "pk": 80,
        "fields": {
            "name": "ЗАО \"ВТОРСЫРЬЁПЕРЕРАБОТКА\"",
            "telephone": "",
            "position_x": 0,
            "position_y": 0,
            "description": "vtorsp.ru",
            "address": "Москва, Краснопрудная, 5, 3",
            "schedule": {
                "Пн - Пт": "09:00:00 - 18:00:00"
            },
            "trash": {
                "Макулатура": "",
                "Стекло": "",
                "Пластик": "",
                "Металл": ""
            }
        }
    },
    {
        "model": "re_app.station",
        "pk": 81,
        "fields": {
            "name": "Чистый Лист",
            "telephone": "",
            "position_x": 0,
            "position_y": 0,
            "description": "вторсырье-прием.рф",
            "address": "Москва, Первомайская, 22",
            "schedule": {
                "Пн - Вс": "09:00:00 - 21:00:00"
            },
            "trash": {
                "Металл": "",
                "Макулатура": ""
            }
        }
    },
    {
        "model": "re_app.station",
        "pk": 82,
        "fields": {
            "name": "Прайд Энтерпрайзис",
            "telephone": "",
            "position_x": 0,
            "position_y": 0,
            "description": "prideeco.ru",
            "address": "Москва, Тагильская, 4",
            "schedule": {
                "Пн - Вс": "09:00:00 - 18:00:00"
            },
            "trash": {
                "Макулатура": "",
                "Пластик": ""
            }
        }
    },
    {
        "model": "re_app.station",
        "pk": 83,
        "fields": {
            "name": "Альфаком",
            "telephone": "",
            "position_x": 0,
            "position_y": 0,
            "description": "bumagavtor.ru",
            "address": "Москва, Северянинский проезд, 16",
            "schedule": {
                "Пн - Вс": "07:00:00 - 22:00:00"
            },
            "trash": {
                "Макулатура": ""
            }
        }
    },
    {
        "model": "re_app.station",
        "pk": 84,
        "fields": {
            "name": "Вторичка24",
            "telephone": "",
            "position_x": 0,
            "position_y": 0,
            "description": "вторичка24.рф",
            "address": "Москва, Северянинский проезд, 9",
            "schedule": {
                "Пн - Вс": "09:00:00 - 18:00:00"
            },
            "trash": {
                "Макулатура": "",
                "Стекло": ""
            }
        }
    },
    {
        "model": "re_app.station",
        "pk": 85,
        "fields": {
            "name": "БумСтрейч",
            "telephone": "",
            "position_x": 0,
            "position_y": 0,
            "description": "",
            "address": "Москва, Ярославское шоссе, 129",
            "schedule": {
                "Пн - Вс": "09:00:00 - 18:00:00"
            },
            "trash": {
                "Макулатура": ""
            }
        }
    },
    {
        "model": "re_app.station",
        "pk": 86,
        "fields": {
            "name": "Эковтор",
            "telephone": "",
            "position_x": 0,
            "position_y": 0,
            "description": "ecovtor.org",
            "address": "Москва, Староватутинский проезд, 10",
            "schedule": {
                "Пн - Вс": "09:00:00 - 22:00:00"
            },
            "trash": {
                "Макулатура": "",
                "Пластик": ""
            }
        }
    },
    {
        "model": "re_app.station",
        "pk": 87,
        "fields": {
            "name": "ВторПро",
            "telephone": "",
            "position_x": 0,
            "position_y": 0,
            "description": "",
            "address": "Москва, Енисейкая, 24",
            "schedule": {
                "Пн - Вс": "09:00:00 - 18:00:00"
            },
            "trash": {
                "Макулатура": ""
            }
        }
    },
    {
        "model": "re_app.station",
        "pk": 88,
        "fields": {
            "name": "Компания София",
            "telephone": "",
            "position_x": 0,
            "position_y": 0,
            "description": "http://ecoftor.ru/",
            "address": "Москва, Полярная, 31",
            "schedule": {
                "Пн - Вс": "09:00:00 - 18:00:00"
            },
            "trash": {
                "Макулатура": "",
                "Пластик": ""
            }
        }
    },
    {
        "model": "re_app.station",
        "pk": 89,
        "fields": {
            "name": "Технимэкс",
            "telephone": "",
            "position_x": 0,
            "position_y": 0,
            "description": "tehnimex.ru",
            "address": "Москва, Илимская, 3, 3",
            "schedule": {
                "Пн - Пт": "08:00:00 - 17:30:00"
            },
            "trash": {
                "Макулатура": ""
            }
        }
    },
    {
        "model": "re_app.station",
        "pk": 90,
        "fields": {
            "name": "ПЗП Тимирязевское",
            "telephone": "",
            "position_x": 0,
            "position_y": 0,
            "description": "pzp1.ru",
            "address": "Москва, 1-ый Нижнелихоборский проезд, 1",
            "schedule": {
                "Пн - Вс": "09:00:00 - 18:00:00"
            },
            "trash": {
                "Макулатура": ""
            }
        }
    },
    {
        "model": "re_app.station",
        "pk": 91,
        "fields": {
            "name": "Пункт приема макулатуры",
            "telephone": "",
            "position_x": 0,
            "position_y": 0,
            "description": "7308548.ru",
            "address": "Москва, Клары Цеткин, 31",
            "schedule": {
                "Пн - Пт": "10:00:00 - 16:00:00"
            },
            "trash": {
                "Макулатура": ""
            }
        }
    },
    {
        "model": "re_app.station",
        "pk": 92,
        "fields": {
            "name": "Контейнер ООО \"Хартия\"",
            "telephone": "",
            "position_x": 0,
            "position_y": 0,
            "description": "",
            "address": "Москва, Знаменская, 38, 1",
            "schedule": {
                "Пн - Вс": "09:00:00 - 18:00:00"
            },
            "trash": {
                "Пластик": ""
            }
        }
    },
    {
        "model": "re_app.station",
        "pk": 93,
        "fields": {
            "name": "Контейнер ООО \"Хартия\"",
            "telephone": "",
            "position_x": 0,
            "position_y": 0,
            "description": "",
            "address": "Москва, Гастелло, 41",
            "schedule": {
                "Пн - Вс": "09:00:00 - 18:00:00"
            },
            "trash": {
                "Пластик": ""
            }
        }
    },
    {
        "model": "re_app.station",
        "pk": 94,
        "fields": {
            "name": "Контейнер ООО \"Хартия\"",
            "telephone": "",
            "position_x": 0,
            "position_y": 0,
            "description": "",
            "address": "Москва, Гастелло, 14",
            "schedule": {
                "Пн - Вс": "09:00:00 - 18:00:00"
            },
            "trash": {
                "Пластик": ""
            }
        }
    },
    {
        "model": "re_app.station",
        "pk": 95,
        "fields": {
            "name": "Контейнер ООО \"Хартия\"",
            "telephone": "",
            "position_x": 0,
            "position_y": 0,
            "description": "",
            "address": "Москва, 4-я Сокольническая, 1, 1",
            "schedule": {
                "Пн - Вс": "09:00:00 - 18:00:00"
            },
            "trash": {
                "Пластик": ""
            }
        }
    },
    {
        "model": "re_app.station",
        "pk": 96,
        "fields": {
            "name": "Контейнер ООО \"Хартия\"",
            "telephone": "",
            "position_x": 0,
            "position_y": 0,
            "description": "",
            "address": "Москва, Гастелло, 6",
            "schedule": {
                "Пн - Вс": "09:00:00 - 18:00:00"
            },
            "trash": {
                "Пластик": ""
            }
        }
    },
    {
        "model": "re_app.station",
        "pk": 97,
        "fields": {
            "name": "Контейнер ООО \"Хартия\"",
            "telephone": "",
            "position_x": 0,
            "position_y": 0,
            "description": "",
            "address": "Москва, 3-я Сокольническая, 4",
            "schedule": {
                "Пн - Вс": "09:00:00 - 18:00:00"
            },
            "trash": {
                "Пластик": ""
            }
        }
    },
    {
        "model": "re_app.station",
        "pk": 98,
        "fields": {
            "name": "Контейнер ООО \"Хартия\"",
            "telephone": "",
            "position_x": 0,
            "position_y": 0,
            "description": "",
            "address": "Москва, 3-я Сокольническая, 7",
            "schedule": {
                "Пн - Вс": "09:00:00 - 18:00:00"
            },
            "trash": {
                "Пластик": ""
            }
        }
    },
    {
        "model": "re_app.station",
        "pk": 99,
        "fields": {
            "name": "Контейнер ООО \"Хартия\"",
            "telephone": "",
            "position_x": 0,
            "position_y": 0,
            "description": "",
            "address": "Москва, Потешная, 2",
            "schedule": {
                "Пн - Вс": "09:00:00 - 18:00:00"
            },
            "trash": {
                "Пластик": ""
            }
        }
    },
    {
        "model": "re_app.station",
        "pk": 100,
        "fields": {
            "name": "Контейнер ООО \"Хартия\"",
            "telephone": "",
            "position_x": 0,
            "position_y": 0,
            "description": "",
            "address": "Москва, Знаменская, 35",
            "schedule": {
                "Пн - Вс": "09:00:00 - 18:00:00"
            },
            "trash": {
                "Пластик": ""
            }
        }
    },
    {
        "model": "re_app.station",
        "pk": 101,
        "fields": {
            "name": "Контейнер ООО \"Хартия\"",
            "telephone": "",
            "position_x": 0,
            "position_y": 0,
            "description": "",
            "address": "Москва, Открытое шоссе, 24, 1",
            "schedule": {
                "Пн - Вс": "09:00:00 - 18:00:00"
            },
            "trash": {
                "Пластик": ""
            }
        }
    },
    {
        "model": "re_app.station",
        "pk": 102,
        "fields": {
            "name": "Контейнер ООО \"Хартия\"",
            "telephone": "",
            "position_x": 0,
            "position_y": 0,
            "description": "",
            "address": "Москва, Открытое шоссе, 25, 10",
            "schedule": {
                "Пн - Вс": "09:00:00 - 18:00:00"
            },
            "trash": {
                "Пластик": ""
            }
        }
    },
    {
        "model": "re_app.station",
        "pk": 103,
        "fields": {
            "name": "ООО \"Спецтранс\"",
            "telephone": "",
            "position_x": 0,
            "position_y": 0,
            "description": "",
            "address": "Москва, Маршала Тухачевского, 22, 3",
            "schedule": {
                "Пн - Вс": "09:00:00 - 18:00:00"
            },
            "trash": {
                "Стекло": "",
                "Пластик": "",
                "Металл": "",
                "Макулатура": ""
            }
        }
    },
    {
        "model": "re_app.station",
        "pk": 104,
        "fields": {
            "name": "ООО \"Спецтранс\"",
            "telephone": "",
            "position_x": 0,
            "position_y": 0,
            "description": "",
            "address": "Москва, Маршала Тухачевского, 40, 2",
            "schedule": {
                "Пн - Вс": "09:00:00 - 18:00:00"
            },
            "trash": {
                "Металл": "",
                "Пластик": "",
                "Стекло": "",
                "Макулатура": ""
            }
        }
    },
    {
        "model": "re_app.station",
        "pk": 105,
        "fields": {
            "name": "ООО \"Спецтранс\"",
            "telephone": "",
            "position_x": 0,
            "position_y": 0,
            "description": "",
            "address": "Москва, Маршала Тухачевского, 44, 1",
            "schedule": {
                "Пн - Вс": "09:00:00 - 18:00:00"
            },
            "trash": {
                "Стекло": "",
                "Металл": "",
                "Пластик": "",
                "Макулатура": ""
            }
        }
    },
    {
        "model": "re_app.station",
        "pk": 106,
        "fields": {
            "name": "ООО \"Спецтранс\"",
            "telephone": "",
            "position_x": 0,
            "position_y": 0,
            "description": "",
            "address": "Москва, Генерала Берзарина, 19, 1",
            "schedule": {
                "Пн - Вс": "09:00:00 - 18:00:00"
            },
            "trash": {
                "Пластик": "",
                "Макулатура": "",
                "Стекло": "",
                "Металл": ""
            }
        }
    },
    {
        "model": "re_app.station",
        "pk": 107,
        "fields": {
            "name": "ООО \"Спецтранс\"",
            "telephone": "",
            "position_x": 0,
            "position_y": 0,
            "description": "",
            "address": "Москва, Генерала Берзарина, 15",
            "schedule": {
                "Пн - Вс": "09:00:00 - 18:00:00"
            },
            "trash": {
                "Пластик": "",
                "Стекло": "",
                "Металл": "",
                "Макулатура": ""
            }
        }
    },
    {
        "model": "re_app.station",
        "pk": 108,
        "fields": {
            "name": "ООО \"Спецтранс\"",
            "telephone": "",
            "position_x": 0,
            "position_y": 0,
            "description": "",
            "address": "Москва, Генерала Глаголева, 30, 5",
            "schedule": {
                "Пн - Вс": "09:00:00 - 18:00:00"
            },
            "trash": {
                "Стекло": "",
                "Металл": "",
                "Пластик": "",
                "Макулатура": ""
            }
        }
    },
    {
        "model": "re_app.station",
        "pk": 109,
        "fields": {
            "name": "ООО \"Спецтранс\"",
            "telephone": "",
            "position_x": 0,
            "position_y": 0,
            "description": "",
            "address": "Москва, Генерала Глаголева, 30, 2",
            "schedule": {
                "Пн - Вс": "09:00:00 - 18:00:00"
            },
            "trash": {
                "Металл": "",
                "Стекло": "",
                "Пластик": "",
                "Макулатура": ""
            }
        }
    },
    {
        "model": "re_app.station",
        "pk": 110,
        "fields": {
            "name": "ООО \"Эко-Лайн\"",
            "telephone": "",
            "position_x": 0,
            "position_y": 0,
            "description": "",
            "address": "Москва, Коптевский бульвар, 11",
            "schedule": {
                "Пн - Вс": "09:00:00 - 18:00:00"
            },
            "trash": {
                "Металл": "",
                "Пластик": "",
                "Стекло": "",
                "Макулатура": ""
            }
        }
    },
    {
        "model": "re_app.station",
        "pk": 111,
        "fields": {
            "name": "Дикси",
            "telephone": "",
            "position_x": 0,
            "position_y": 0,
            "description": "",
            "address": "Москва, Вучетича, 5",
            "schedule": {
                "Пн - Вс": "09:00:00 - 18:00:00"
            },
            "trash": {
                "Стекло": "",
                "Металл": ""
            }
        }
    },
    {
        "model": "re_app.station",
        "pk": 112,
        "fields": {
            "name": "Дикси",
            "telephone": "",
            "position_x": 0,
            "position_y": 0,
            "description": "",
            "address": "Москва, Хорошевское шоссе, 15",
            "schedule": {
                "Пн - Вс": "09:00:00 - 18:00:00"
            },
            "trash": {
                "Стекло": "",
                "Пластик": ""
            }
        }
    },
    {
        "model": "re_app.station",
        "pk": 113,
        "fields": {
            "name": "Бизнес Трейд",
            "telephone": "(495) 637-12-85",
            "position_x": 0,
            "position_y": 0,
            "description": "",
            "address": "Москва, Владимирская, 15",
            "schedule": {
                "Пн - Чт": "08:00:00 - 17:00:00",
                "Пт - Пт": "08:00:00 - 16:00:00"
            },
            "trash": {
                "Опасные": "Отходы, содержащие вредные вещества, в том числе возбудители инфекционных болезней, токсичные, взрывоопасные и пожароопасные, с высокой реакционной способностью, например, вызывающие коррозию, радиоактивные (например: лампочки, градусники, лекарства и прочие)."
            }
        }
    },
    {
        "model": "re_app.station",
        "pk": 114,
        "fields": {
            "name": "Арсенал Групп",
            "telephone": "",
            "position_x": 0,
            "position_y": 0,
            "description": "",
            "address": "Москва, Федеративный пр-т, 5, 3",
            "schedule": {
                "Пн - Вс": "08:00:00 - 21:00:00",
                "Пн - Вс": "08:00:00 - 21:00:00"
            },
            "trash": {
                "Опасные": "Отходы, содержащие вредные вещества, в том числе возбудители инфекционных болезней, токсичные, взрывоопасные и пожароопасные, с высокой реакционной способностью, например, вызывающие коррозию, радиоактивные (например: лампочки, градусники, лекарства и прочие)."
            }
        }
    },
    {
        "model": "re_app.station",
        "pk": 115,
        "fields": {
            "name": "Эксжилстрой",
            "telephone": "+7 (495) 670-00-50",
            "position_x": 0,
            "position_y": 0,
            "description": "http://www.exgilstroy.mpi.ru/",
            "address": "Москва, Перовская, 8, 1",
            "schedule": {
                "Пн - Чт": "09:00:00 - 18:00:00",
                "Пт - Пт": "09:00:00 - 17:00:00"
            },
            "trash": {
                "Опасные": "Отходы, содержащие вредные вещества, в том числе возбудители инфекционных болезней, токсичные, взрывоопасные и пожароопасные, с высокой реакционной способностью, например, вызывающие коррозию, радиоактивные (например: лампочки, градусники, лекарства и прочие)."
            }
        }
    },
    {
        "model": "re_app.station",
        "pk": 116,
        "fields": {
            "name": "ЮНИ",
            "telephone": "",
            "position_x": 0,
            "position_y": 0,
            "description": "www.ukunidom.ru",
            "address": "Москва, Зелёный пр-т, 6, 2",
            "schedule": {
                "Пн - Чт": "09:00:00 - 18:00:00",
                "Пт - Пт": "09:00:00 - 16:00:00"
            },
            "trash": {
                "Опасные": "Отходы, содержащие вредные вещества, в том числе возбудители инфекционных болезней, токсичные, взрывоопасные и пожароопасные, с высокой реакционной способностью, например, вызывающие коррозию, радиоактивные (например: лампочки, градусники, лекарства и прочие)."
            }
        }
    },
    {
        "model": "re_app.station",
        "pk": 117,
        "fields": {
            "name": "ЮНИ",
            "telephone": "",
            "position_x": 0,
            "position_y": 0,
            "description": "www.ukunidom.ru",
            "address": "Москва, ул. 1-я Владимирская, 8",
            "schedule": {
                "Пн - Чт": "09:00:00 - 18:00:00",
                "Пт - Пт": "09:00:00 - 16:00:00"
            },
            "trash": {
                "Опасные": "Отходы, содержащие вредные вещества, в том числе возбудители инфекционных болезней, токсичные, взрывоопасные и пожароопасные, с высокой реакционной способностью, например, вызывающие коррозию, радиоактивные (например: лампочки, градусники, лекарства и прочие)."
            }
        }
    },
    {
        "model": "re_app.station",
        "pk": 118,
        "fields": {
            "name": "ЮНИ",
            "telephone": "",
            "position_x": 0,
            "position_y": 0,
            "description": "www.ukunidom.ru",
            "address": "Москва, ш.Энтузиастов, 70",
            "schedule": {
                "Пн - Чт": "09:00:00 - 18:00:00",
                "Пт - Пт": "09:00:00 - 16:00:00"
            },
            "trash": {
                "Опасные": "Отходы, содержащие вредные вещества, в том числе возбудители инфекционных болезней, токсичные, взрывоопасные и пожароопасные, с высокой реакционной способностью, например, вызывающие коррозию, радиоактивные (например: лампочки, градусники, лекарства и прочие)."
            }
        }
    },
    {
        "model": "re_app.station",
        "pk": 119,
        "fields": {
            "name": "ЭКОТРОМ",
            "telephone": "495 374 62 35",
            "position_x": 0,
            "position_y": 0,
            "description": "http://www.ecotrom.ru",
            "address": "Москва, Заводская, 16",
            "schedule": {
                "Пн - Чт": "09:00:00 - 16:30:00",
                "Пт - Пт": "09:00:00 - 15:30:00"
            },
            "trash": {
                "Опасные": "Отходы, содержащие вредные вещества, в том числе возбудители инфекционных болезней, токсичные, взрывоопасные и пожароопасные, с высокой реакционной способностью, например, вызывающие коррозию, радиоактивные (например: лампочки, градусники, лекарства и прочие)."
            }
        }
    },
    {
        "model": "re_app.station",
        "pk": 120,
        "fields": {
            "name": "ЭКОТРОМ",
            "telephone": "495 374 62 35",
            "position_x": 0,
            "position_y": 0,
            "description": "http://www.ecotrom.ru/",
            "address": "Москва, Дорожная, 3, 16",
            "schedule": {
                "Пн - Чт": "09:00:00 - 17:30:00",
                "Пт - Пт": "09:00:00 - 16:30:00"
            },
            "trash": {
                "Опасные": "Отходы, содержащие вредные вещества, в том числе возбудители инфекционных болезней, токсичные, взрывоопасные и пожароопасные, с высокой реакционной способностью, например, вызывающие коррозию, радиоактивные (например: лампочки, градусники, лекарства и прочие)."
            }
        }
    },
    {
        "model": "re_app.station",
        "pk": 121,
        "fields": {
            "name": "ЭКОТРОМ",
            "telephone": "495 374 62 35",
            "position_x": 0,
            "position_y": 0,
            "description": "http://www.ecotrom.ru/",
            "address": "Москва, Щёлковское шоссе, 77, 1",
            "schedule": {
                "Пн - Чт": "09:00:00 - 17:30:00",
                "Пт - Пт": "09:00:00 - 16:30:00"
            },
            "trash": {
                "Опасные": "Отходы, содержащие вредные вещества, в том числе возбудители инфекционных болезней, токсичные, взрывоопасные и пожароопасные, с высокой реакционной способностью, например, вызывающие коррозию, радиоактивные (например: лампочки, градусники, лекарства и прочие)."
            }
        }
    },
    {
        "model": "re_app.station",
        "pk": 122,
        "fields": {
            "name": "ЭКОТРОМ",
            "telephone": "495 374 62 35",
            "position_x": 0,
            "position_y": 0,
            "description": "www.ecotrom.ru",
            "address": "Москва, Варшавское шоссе, 93",
            "schedule": {
                "Пн - Чт": "09:00:00 - 17:30:00",
                "Пт - Пт": "09:00:00 - 16:30:00"
            },
            "trash": {
                "Опасные": "Отходы, содержащие вредные вещества, в том числе возбудители инфекционных болезней, токсичные, взрывоопасные и пожароопасные, с высокой реакционной способностью, например, вызывающие коррозию, радиоактивные (например: лампочки, градусники, лекарства и прочие)."
            }
        }
    },
    {
        "model": "re_app.station",
        "pk": 123,
        "fields": {
            "name": "ЭКОТРОМ",
            "telephone": "495 374 62 35",
            "position_x": 0,
            "position_y": 0,
            "description": "www.ecotrom.ru",
            "address": "Москва, Автозаводская, 17, 1",
            "schedule": {
                "Пн - Чт": "09:00:00 - 17:30:00",
                "Пт - Пт": "09:00:00 - 16:30:00"
            },
            "trash": {
                "Опасные": "Отходы, содержащие вредные вещества, в том числе возбудители инфекционных болезней, токсичные, взрывоопасные и пожароопасные, с высокой реакционной способностью, например, вызывающие коррозию, радиоактивные (например: лампочки, градусники, лекарства и прочие)."
            }
        }
    },
    {
        "model": "re_app.station",
        "pk": 124,
        "fields": {
            "name": "ЭКОН",
            "telephone": "(495) 944-17-01",
            "position_x": 0,
            "position_y": 0,
            "description": "www.econ-hg.ru",
            "address": "Москва, Героев Панфиловцев, 20, 1",
            "schedule": {
                "Пн - Пт": "09:00:00 - 17:00:00"
            },
            "trash": {
                "Опасные": "Отходы, содержащие вредные вещества, в том числе возбудители инфекционных болезней, токсичные, взрывоопасные и пожароопасные, с высокой реакционной способностью, например, вызывающие коррозию, радиоактивные (например: лампочки, градусники, лекарства и прочие)."
            }
        }
    },
    {
        "model": "re_app.station",
        "pk": 125,
        "fields": {
            "name": "Интер Грин",
            "telephone": "(495) 775-81-41",
            "position_x": 0,
            "position_y": 0,
            "description": "www.intergreen.ru",
            "address": "Москва, 1-я Дубровская, 13, 2",
            "schedule": {
                "Пн - Пт": "10:00:00 - 18:00:00"
            },
            "trash": {
                "Опасные": "Отходы, содержащие вредные вещества, в том числе возбудители инфекционных болезней, токсичные, взрывоопасные и пожароопасные, с высокой реакционной способностью, например, вызывающие коррозию, радиоактивные (например: лампочки, градусники, лекарства и прочие)."
            }
        }
    },
    {
        "model": "re_app.station",
        "pk": 126,
        "fields": {
            "name": "Гипермаркет \"Globus\"",
            "telephone": "",
            "position_x": 0,
            "position_y": 0,
            "description": "",
            "address": "Москва, Новорижское шоссе, 22-й км, 1, 1",
            "schedule": {
                "Пн - Вс": "08:00:00 - 23:00:00"
            },
            "trash": {
                "Опасные": "Отходы, содержащие вредные вещества, в том числе возбудители инфекционных болезней, токсичные, взрывоопасные и пожароопасные, с высокой реакционной способностью, например, вызывающие коррозию, радиоактивные (например: лампочки, градусники, лекарства и прочие).",
                "Батарея": ""
            }
        }
    },
    {
        "model": "re_app.station",
        "pk": 127,
        "fields": {
            "name": "ИКЕА",
            "telephone": "",
            "position_x": 0,
            "position_y": 0,
            "description": "http://www.ikea.com/ru/ru/store/teply_stan",
            "address": "Москва, Калужское шоссе, 21-й км, 0",
            "schedule": {
                "Пн - Вс": "10:00:00 - 02:00:00"
            },
            "trash": {
                "Опасные": "Отходы, содержащие вредные вещества, в том числе возбудители инфекционных болезней, токсичные, взрывоопасные и пожароопасные, с высокой реакционной способностью, например, вызывающие коррозию, радиоактивные (например: лампочки, градусники, лекарства и прочие).",
                "Батарея": ""
            }
        }
    },
    {
        "model": "re_app.station",
        "pk": 128,
        "fields": {
            "name": "ЛОМ-АКБ",
            "telephone": "(499) 650-52-09",
            "position_x": 0,
            "position_y": 0,
            "description": "http://www.priem-akkumulyatorov.ru/",
            "address": "Москва, 1-й Грайвороновский пр., 4",
            "schedule": {
                "Пн - Пт": "10:00:00 - 21:00:00",
                "Сб - Вс": "10:00:00 - 20:00:00"
            },
            "trash": {
                "Опасные": "Отходы, содержащие вредные вещества, в том числе возбудители инфекционных болезней, токсичные, взрывоопасные и пожароопасные, с высокой реакционной способностью, например, вызывающие коррозию, радиоактивные (например: лампочки, градусники, лекарства и прочие)."
            }
        }
    },
    {
        "model": "re_app.station",
        "pk": 129,
        "fields": {
            "name": "ОСКАБ",
            "telephone": "(495) 105-92-42",
            "position_x": 0,
            "position_y": 0,
            "description": "oskab.ru",
            "address": "Москва, Левобережная, 6, 17",
            "schedule": {
                "Пн - Пт": "09:00:00 - 18:00:00"
            },
            "trash": {
                "Опасные": "Отходы, содержащие вредные вещества, в том числе возбудители инфекционных болезней, токсичные, взрывоопасные и пожароопасные, с высокой реакционной способностью, например, вызывающие коррозию, радиоактивные (например: лампочки, градусники, лекарства и прочие)."
            }
        }
    },
    {
        "model": "re_app.station",
        "pk": 130,
        "fields": {
            "name": "ОСКАБ",
            "telephone": "(495) 105-92-42",
            "position_x": 0,
            "position_y": 0,
            "description": "http://oskab.ru/",
            "address": "Москва, 5-й проезд Подбельского, 6",
            "schedule": {
                "Пн - Пт": "09:00:00 - 21:00:00",
                "Сб - Вс": "10:00:00 - 18:45:00"
            },
            "trash": {
                "Опасные": "Отходы, содержащие вредные вещества, в том числе возбудители инфекционных болезней, токсичные, взрывоопасные и пожароопасные, с высокой реакционной способностью, например, вызывающие коррозию, радиоактивные (например: лампочки, градусники, лекарства и прочие)."
            }
        }
    }
]